{"cameraMode":{"drawMode":0,"name":"Shaded","section":"Shading Mode"},"sceneLighting":false,"audioPlay":false,"sceneViewState":{"showFog":false,"showMaterialUpdate":false,"showSkybox":false,"showFlares":false,"showImageEffects":false,"showParticleSystems":false},"in2DMode":false,"pivot":{"x":-4.196717262268066,"y":1.5869107246398926,"z":-6.779084205627441},"rotation":{"x":-0.1914648860692978,"y":-0.6710090637207031,"z":0.18571269512176515,"w":-0.6918305158615112},"size":10.091630935668946,"orthographic":true}