{"cameraMode":{"drawMode":0,"name":"Shaded","section":"Shading Mode"},"sceneLighting":false,"audioPlay":false,"sceneViewState":{"showFog":false,"showMaterialUpdate":false,"showSkybox":false,"showFlares":false,"showImageEffects":false,"showParticleSystems":false},"in2DMode":false,"pivot":{"x":-8.235258102416993,"y":4.113524436950684,"z":-8.094764709472657},"rotation":{"x":-0.38210955262184145,"y":-0.22439563274383546,"z":0.09617465734481812,"w":-0.8913083672523499},"size":57.432838439941409,"orthographic":true}