{"cameraMode":{"drawMode":3,"name":"Shadow Cascades","section":"Miscellaneous"},"sceneLighting":true,"audioPlay":false,"sceneViewState":{"showFog":true,"showMaterialUpdate":false,"showSkybox":true,"showFlares":true,"showImageEffects":true,"showParticleSystems":true},"in2DMode":false,"pivot":{"x":1091.49658203125,"y":126.68274688720703,"z":451.31591796875},"rotation":{"x":0.09110932797193527,"y":-0.8039242029190064,"z":0.1276756078004837,"w":0.573681652545929},"size":43.67316818237305,"orthographic":false}