{"cameraMode":{"drawMode":0,"name":"Shaded","section":"Shading Mode"},"sceneLighting":false,"audioPlay":false,"sceneViewState":{"showFog":true,"showMaterialUpdate":true,"showSkybox":false,"showFlares":true,"showImageEffects":true,"showParticleSystems":true},"in2DMode":false,"pivot":{"x":38.99763107299805,"y":1.3169742822647095,"z":59.41693878173828},"rotation":{"x":-0.5092957615852356,"y":-0.4212154746055603,"z":0.3149252235889435,"w":-0.6811887621879578},"size":18.165061950683595,"orthographic":false}