{"cameraMode":{"drawMode":0,"name":"Shaded","section":"Shading Mode"},"sceneLighting":false,"audioPlay":false,"sceneViewState":{"showFog":false,"showMaterialUpdate":false,"showSkybox":false,"showFlares":false,"showImageEffects":false,"showParticleSystems":false},"in2DMode":false,"pivot":{"x":-6.024707794189453,"y":2.5696511268615724,"z":-2.3410778045654299},"rotation":{"x":-0.2035772204399109,"y":-0.23869267106056214,"z":0.051253560930490497,"w":-0.9481475353240967},"size":6.6280999183654789,"orthographic":false}