{"cameraMode":{"drawMode":3,"name":"Shadow Cascades","section":"Miscellaneous"},"sceneLighting":true,"audioPlay":false,"sceneViewState":{"showFog":true,"showMaterialUpdate":false,"showSkybox":true,"showFlares":true,"showImageEffects":true,"showParticleSystems":true},"in2DMode":false,"pivot":{"x":974.124267578125,"y":323.73095703125,"z":538.7581787109375},"rotation":{"x":0.08539459109306336,"y":-0.005978066008538008,"z":0.0005123807932250202,"w":0.9963313341140747},"size":1627.8822021484375,"orthographic":false}