{"cameraMode":{"drawMode":0,"name":"Shaded","section":"Shading Mode"},"sceneLighting":false,"audioPlay":false,"sceneViewState":{"showFog":true,"showMaterialUpdate":true,"showSkybox":false,"showFlares":true,"showImageEffects":true,"showParticleSystems":true},"in2DMode":false,"pivot":{"x":0.01702880859375,"y":0.16992950439453126,"z":-0.02816009521484375},"rotation":{"x":-0.11674519628286362,"y":0.7937601208686829,"z":-0.161232128739357,"w":-0.5747442841529846},"size":3.192335844039917,"orthographic":true}