{"cameraMode":{"drawMode":3,"name":"Shadow Cascades","section":"Miscellaneous"},"sceneLighting":true,"audioPlay":false,"sceneViewState":{"showFog":true,"showMaterialUpdate":false,"showSkybox":false,"showFlares":true,"showImageEffects":true,"showParticleSystems":true},"in2DMode":false,"pivot":{"x":2.700002670288086,"y":1.4454610347747803,"z":1.0110949277877808},"rotation":{"x":0.06330868601799011,"y":0.8881369233131409,"z":-0.12878312170505525,"w":0.43660059571266177},"size":8.122030258178711,"orthographic":false}