{"cameraMode":{"drawMode":0,"name":"Shaded","section":"Shading Mode"},"sceneLighting":true,"audioPlay":false,"sceneViewState":{"showFog":true,"showMaterialUpdate":false,"showSkybox":true,"showFlares":true,"showImageEffects":true,"showParticleSystems":true},"in2DMode":false,"pivot":{"x":-8.613317489624024,"y":0.8416404724121094,"z":-3.9830188751220705},"rotation":{"x":0.00575880566611886,"y":-0.9473399519920349,"z":0.3197314739227295,"w":0.017063509672880174},"size":9.114910125732422,"orthographic":false}