{"cameraMode":{"drawMode":0,"name":"Shaded","section":"Shading Mode"},"sceneLighting":true,"audioPlay":false,"sceneViewState":{"showFog":true,"showMaterialUpdate":false,"showSkybox":true,"showFlares":true,"showImageEffects":true,"showParticleSystems":true},"in2DMode":false,"pivot":{"x":-7.040088653564453,"y":0.6404819488525391,"z":-9.00910758972168},"rotation":{"x":-0.08359226584434509,"y":0.8471385836601257,"z":-0.14002420008182527,"w":-0.5057286620140076},"size":7.191969394683838,"orthographic":false}